,Player,Team,Opp,Pos,MIN,G,A,S,SOG,CC,P,AP,CR,ACR,AW,DR,DSP,INT,TKL,TKLW,BLK,CL,CS,GC,SV,FS,FC,Y,R
0,Danny Ings,AVL,BRE,F,95.0,0.86,0.02,1.15,0.43,0.22,4.97,8.19,0.25,0.01,1.83,0.56,0.50,0.01,0.25,0.21,0.11,0.14,0.34,1.10,0.00,0.39,0.47,0.11,0.00
1,Raheem Sterling,MCI,ARS,F/M,95.0,0.75,0.05,1.90,1.03,0.81,19.51,22.96,1.63,0.39,0.57,1.79,1.28,0.07,0.34,0.21,0.02,0.25,0.48,0.75,0.00,1.69,0.54,0.00,0.00
2,Son Heung-Min,TOT,WAT,F/M,95.0,0.65,0.02,1.74,0.67,0.41,8.86,11.62,1.68,0.19,0.80,0.99,0.68,0.01,0.09,0.05,0.01,0.04,0.48,0.76,0.00,0.69,0.33,0.02,0.00
3,Callum Wilson,NEW,SOU,F,95.0,0.63,0.10,2.06,0.78,0.59,8.07,10.38,0.57,0.09,1.47,1.04,0.85,0.01,0.44,0.40,0.11,0.31,0.26,1.37,0.00,0.77,0.92,0.15,0.00
4,Harry Kane,TOT,WAT,F,95.0,0.63,0.05,1.53,0.67,0.58,7.76,10.86,0.81,0.09,1.06,0.95,0.63,0.02,0.28,0.17,0.03,0.11,0.48,0.76,0.00,0.69,0.57,0.05,0.00
5,Teemu Pukki,NOR,LEI,F,95.0,0.62,0.10,1.28,0.61,0.53,7.97,10.85,0.25,0.01,0.90,0.54,0.73,0.19,0.62,0.21,0.01,0.31,0.17,1.75,0.00,0.74,0.65,0.02,0.00
6,Bruno Fernandes,MUN,WOL,F/M,95.0,0.61,0.06,1.66,0.82,1.24,17.36,21.63,1.95,0.27,0.39,0.25,1.20,0.10,0.19,0.11,0.00,0.79,0.38,0.99,0.00,0.61,0.34,0.19,0.00
7,Adam Armstrong,SOU,NEW,F,95.0,0.59,0.17,1.62,0.85,0.45,5.93,9.72,0.59,0.10,1.50,0.36,0.98,0.04,0.58,0.31,0.01,0.41,0.23,1.48,0.00,0.69,0.72,0.01,0.00
8,Diogo Jota,LIV,CHE,F,95.0,0.56,0.02,1.36,0.71,0.59,8.43,10.58,0.09,0.01,0.63,0.54,0.74,0.01,1.22,0.38,0.07,0.37,0.29,1.25,0.00,1.10,0.71,0.02,0.00
9,Patrick Bamford,LEE,BRN,F,95.0,0.53,0.18,1.53,0.36,0.61,8.65,11.00,0.09,0.02,0.48,0.46,1.06,0.19,0.50,0.13,0.01,0.32,0.26,1.35,0.00,0.41,0.62,0.27,0.00
10,Adama Traore,WOL,MUN,F/M,95.0,0.53,0.05,2.78,0.83,1.54,16.14,20.35,2.22,0.86,1.52,4.31,1.37,0.23,0.75,0.30,0.02,0.25,0.17,1.70,0.00,1.10,0.21,0.00,0.00
11,Michail Antonio,WHU,CRY,F,95.0,0.49,0.34,2.55,1.18,0.83,7.90,12.81,0.85,0.28,1.58,1.06,0.74,0.01,0.58,0.43,0.01,0.20,0.42,0.90,0.00,0.56,0.44,0.02,0.00
12,Mason Greenwood,MUN,WOL,F/M,95.0,0.47,0.01,2.07,0.97,0.55,8.95,11.40,1.20,0.02,0.39,1.34,1.08,0.02,0.29,0.15,0.01,0.17,0.38,0.99,0.00,0.68,0.54,0.10,0.00
13,Che Adams,SOU,NEW,F,95.0,0.43,0.28,1.30,0.53,0.66,6.35,11.83,0.38,0.10,2.55,0.47,1.51,0.15,1.00,0.62,0.01,0.83,0.23,1.48,0.00,1.64,1.36,0.01,0.00
14,Jamie Vardy,LEI,NOR,F,95.0,0.43,0.01,1.85,0.84,0.44,6.96,9.34,0.42,0.02,0.39,0.64,0.42,0.02,0.20,0.04,0.01,0.56,0.33,1.12,0.00,0.45,0.40,0.18,0.00
15,Allan Saint-Maximin,NEW,SOU,F/M,95.0,0.42,0.20,1.41,0.56,0.90,11.83,14.56,1.20,0.20,1.14,2.41,1.17,0.01,0.33,0.29,0.11,0.10,0.26,1.37,0.00,1.08,0.48,0.04,0.00
16,Dominic Calvert-Lewin,EVE,BHA,F,95.0,0.41,0.01,1.98,1.17,0.53,6.94,10.29,0.42,0.07,2.71,0.29,0.47,0.33,0.36,0.27,0.17,0.22,0.28,1.31,0.00,1.14,0.71,0.01,0.00
17,Riyad Mahrez,MCI,ARS,F/M,95.0,0.40,0.25,1.83,0.55,1.60,23.95,26.91,2.31,0.70,0.37,1.35,1.19,0.35,1.24,0.51,0.00,0.22,0.48,0.75,0.00,1.06,0.54,0.15,0.00
18,Sadio Mane,LIV,CHE,F/M,95.0,0.39,0.05,2.62,1.31,1.54,13.76,18.77,1.43,0.70,1.52,1.46,1.05,0.07,0.43,0.30,0.02,0.57,0.29,1.25,0.00,0.78,0.37,0.00,0.00
19,Anwar El Ghazi,AVL,BRE,M,95.0,0.39,0.01,0.68,0.26,0.19,4.62,5.59,0.79,0.22,0.27,0.29,0.40,0.02,0.19,0.16,0.00,0.19,0.34,1.10,0.00,0.24,0.05,0.00,0.00
20,Youri Tielemans,LEI,NOR,M,95.0,0.38,0.01,0.99,0.51,0.43,41.00,48.12,0.34,0.07,0.83,0.53,0.94,1.07,1.90,1.29,0.59,1.07,0.33,1.12,0.00,1.10,0.70,0.03,0.00
21,Jack Grealish,MCI,ARS,F/M,95.0,0.37,0.01,1.22,0.35,0.92,34.37,39.89,1.60,0.25,0.88,1.20,0.40,0.36,1.70,1.19,0.04,0.47,0.48,0.75,0.00,1.21,1.50,0.20,0.00
22,Said Benrahma,WHU,CRY,F/M,95.0,0.36,0.74,1.42,0.88,1.54,21.96,26.55,2.61,0.31,0.60,1.01,1.69,0.18,0.92,0.57,0.00,0.30,0.42,0.90,0.00,0.60,0.64,0.08,0.00
23,Sergi Canos,BRE,AVL,M,95.0,0.35,0.03,0.82,0.41,0.94,11.74,16.20,2.56,0.48,0.24,0.28,0.60,0.85,2.62,0.75,0.16,0.30,0.20,1.59,0.00,0.35,0.68,0.05,0.00
24,Milot Rashica,NOR,LEI,F,95.0,0.34,0.04,1.09,0.33,0.83,10.21,11.76,2.12,0.61,0.52,0.69,0.49,0.04,0.66,0.09,0.18,0.48,0.17,1.75,0.00,0.63,0.30,0.00,0.00
25,Chris Wood,BRN,LEE,F,95.0,0.34,0.02,1.73,1.05,0.66,8.73,12.57,0.25,0.01,2.62,0.81,0.94,0.17,0.30,0.23,0.04,0.15,0.21,1.55,0.00,0.63,0.58,0.02,0.00
26,Ashley Barnes,BRN,LEE,F,95.0,0.34,0.02,1.44,1.00,1.23,9.07,12.74,0.25,0.01,2.44,0.86,0.59,0.34,0.47,0.23,0.21,0.33,0.21,1.55,0.00,0.69,1.10,0.02,0.00
27,Mateusz Klich,LEE,BRN,M,95.0,0.34,0.01,1.09,0.49,0.86,32.55,38.66,1.09,0.13,0.41,0.61,0.46,0.40,1.51,0.81,0.03,0.29,0.26,1.35,0.00,0.58,0.86,0.02,0.00
28,Reece James,CHE,LIV,M/D,95.0,0.33,0.24,1.12,0.27,1.10,19.70,21.65,2.71,0.58,0.32,0.13,0.39,0.48,1.51,0.92,0.01,0.35,0.26,1.35,0.00,0.59,0.30,0.02,0.00
29,Aaron Connolly,BHA,EVE,F,95.0,0.33,0.12,0.96,0.43,0.30,4.20,6.32,0.09,0.01,0.73,0.37,0.87,0.01,0.32,0.16,0.01,0.25,0.34,1.11,0.00,0.55,0.52,0.14,0.00
30,Raphinha,LEE,BRN,F/M,95.0,0.32,0.01,0.99,0.25,0.40,8.14,11.46,2.06,0.54,0.09,0.45,0.37,0.30,0.72,0.43,0.01,0.06,0.26,1.35,0.00,0.87,0.24,0.13,0.00
31,James Tarkowski,BRN,LEE,D,95.0,0.31,0.13,1.16,0.24,0.15,24.90,32.27,0.01,0.00,3.05,0.35,0.33,1.03,1.09,0.80,0.85,3.21,0.21,1.55,0.00,0.59,0.81,0.24,0.00
32,Jacob Murphy,NEW,SOU,M/D,95.0,0.31,0.01,0.54,0.17,0.49,14.52,20.20,1.63,0.65,0.62,0.74,0.88,0.79,1.81,0.67,0.05,0.66,0.26,1.37,0.00,0.31,0.74,0.17,0.00
33,Emmanuel Dennis,WAT,TOT,F,95.0,0.30,0.19,1.92,0.73,1.15,8.37,11.92,0.71,0.20,1.09,0.83,0.64,0.02,1.07,0.85,0.01,0.06,0.12,1.96,0.00,1.34,1.09,0.09,0.00
34,Alexis Mac Allister,BHA,EVE,F/M,95.0,0.30,0.00,1.27,0.26,1.15,13.80,17.77,1.09,0.27,0.37,0.72,0.79,0.53,2.06,0.98,0.11,0.43,0.34,1.11,0.00,0.26,0.62,0.07,0.00
35,Luke Ayling,LEE,BRN,D,95.0,0.29,0.08,0.47,0.19,0.75,27.47,33.77,1.52,0.58,1.10,0.18,0.15,0.51,1.18,0.59,0.33,1.15,0.26,1.35,0.00,0.39,0.09,0.02,0.00
36,Kelechi Iheanacho,LEI,NOR,F,95.0,0.28,0.01,1.18,0.51,0.21,4.74,6.45,0.20,0.02,0.28,0.53,0.31,0.02,0.20,0.04,0.01,0.23,0.33,1.12,0.00,0.34,0.29,0.07,0.00
37,Pablo Fornals,WHU,CRY,M,95.0,0.26,0.63,1.20,0.76,1.95,25.73,31.57,1.84,0.41,0.60,1.01,1.46,0.29,1.24,0.57,0.00,0.19,0.42,0.90,0.00,0.81,0.74,0.08,0.00
38,Shane Duffy,BHA,EVE,D,95.0,0.26,0.09,1.45,0.49,0.29,53.38,58.59,0.01,0.00,3.84,0.14,0.03,0.80,1.13,0.71,1.18,3.45,0.34,1.11,0.00,0.38,0.74,0.29,0.00
39,Ismaila Sarr,WAT,TOT,F/M,95.0,0.26,0.03,1.14,0.41,1.42,13.96,17.31,2.72,0.64,0.87,1.23,1.39,0.53,0.72,0.28,0.01,0.14,0.12,1.96,0.00,1.46,0.68,0.05,0.00
40,John McGinn,AVL,BRE,M,95.0,0.26,0.01,1.06,0.33,0.74,23.40,29.02,1.54,0.58,1.40,0.58,0.76,1.30,1.48,0.89,0.02,1.66,0.34,1.10,0.00,1.58,1.05,0.08,0.00
41,Jadon Sancho,MUN,WOL,F/M,95.0,0.25,0.06,1.03,0.40,0.71,11.34,13.82,1.10,0.16,0.28,0.25,0.78,0.10,0.19,0.11,0.00,0.47,0.38,0.99,0.00,0.40,0.23,0.08,0.00
42,Christian Norgaard,BRE,AVL,M,95.0,0.24,0.04,0.67,0.20,0.53,21.86,28.47,0.85,0.16,1.04,0.56,0.62,0.71,2.28,0.96,0.03,0.74,0.20,1.59,0.00,0.80,1.41,0.32,0.00
43,Wilfred Ndidi,LEI,NOR,M,95.0,0.24,0.01,0.67,0.30,0.32,41.21,47.70,0.24,0.07,1.25,0.74,0.94,1.39,1.90,1.08,0.27,1.39,0.33,1.12,0.00,0.68,0.70,0.03,0.00
44,Fred,MUN,WOL,M,95.0,0.24,0.00,0.65,0.43,0.70,40.31,48.99,0.21,0.04,1.68,0.87,1.08,1.07,2.10,1.36,0.45,0.94,0.38,0.99,0.00,1.23,0.83,0.01,0.00
45,Christian Benteke,CRY,WHU,F,95.0,0.23,0.07,0.94,0.22,0.52,9.63,13.39,0.36,0.07,2.71,1.19,1.12,0.02,0.14,0.10,0.31,0.53,0.15,1.84,0.00,1.42,0.97,0.21,0.00
46,Marcos Alonso,CHE,LIV,M/D,95.0,0.23,0.00,0.58,0.36,1.29,14.25,17.47,1.77,0.58,0.89,0.36,0.33,0.95,0.83,0.57,0.03,0.77,0.26,1.35,0.00,0.76,0.29,0.02,0.00
47,Mohamed Salah,LIV,CHE,F/M,95.0,0.22,0.45,2.44,0.98,1.92,18.77,22.67,1.01,0.18,0.53,1.41,1.21,0.29,0.72,0.45,0.00,0.22,0.29,1.25,0.00,0.96,0.59,0.15,0.00
48,Wilfried Zaha,CRY,WHU,F/M,95.0,0.21,0.21,1.15,0.37,1.14,16.06,19.69,1.01,0.34,0.57,1.31,1.21,0.51,1.05,0.41,0.00,0.27,0.15,1.84,0.00,1.73,0.85,0.06,0.00
49,Joel Ward,CRY,WHU,D,95.0,0.21,0.00,0.55,0.09,0.33,18.92,24.19,0.80,0.39,0.73,0.63,0.55,0.93,1.36,0.70,0.20,1.52,0.15,1.84,0.00,0.15,0.40,0.26,0.00
50,Mason Mount,CHE,LIV,M,95.0,0.20,0.28,2.48,0.81,1.46,29.98,34.46,3.24,0.66,0.41,0.73,1.31,0.17,0.96,0.34,0.00,0.97,0.26,1.35,0.00,1.30,0.72,0.04,0.00
51,Kai Havertz,CHE,LIV,F/M,95.0,0.20,0.17,2.61,0.79,1.02,30.07,35.03,1.69,0.33,0.61,0.82,1.29,0.17,0.52,0.23,0.00,1.14,0.26,1.35,0.00,0.74,0.89,0.04,0.00
52,Tomas Soucek,WHU,CRY,M,95.0,0.20,0.11,1.61,0.43,0.49,38.32,43.80,0.52,0.23,1.90,0.79,0.71,0.95,2.34,1.42,0.20,1.33,0.42,0.90,0.00,0.55,0.89,0.09,0.00
53,Dele Alli,TOT,WAT,M,95.0,0.19,0.18,0.47,0.14,0.38,33.38,39.18,0.31,0.05,0.27,1.06,1.51,1.17,2.44,1.50,0.52,0.98,0.48,0.76,0.00,0.71,0.61,0.05,0.00
54,Pierre-Emerick Aubameyang,ARS,MCI,F/M,95.0,0.19,0.14,1.90,0.59,1.16,24.17,28.26,1.83,0.33,0.63,0.91,1.37,0.22,0.50,0.29,0.00,0.69,0.08,2.28,0.00,0.88,0.49,0.07,0.00
55,Davinson Sanchez,TOT,WAT,D,95.0,0.19,0.01,0.65,0.16,0.04,36.99,42.32,0.09,0.00,1.90,0.14,0.03,0.51,1.17,0.67,1.32,3.83,0.48,0.76,0.00,0.19,0.85,0.36,0.00
56,Eric Dier,TOT,WAT,D,95.0,0.19,0.01,0.65,0.26,0.04,36.77,42.42,0.09,0.00,1.69,0.14,0.03,0.82,0.54,0.35,0.90,3.83,0.48,0.76,0.00,0.30,0.64,0.25,0.00
57,Bryan Mbeumo,BRE,AVL,F/M,95.0,0.18,0.07,2.42,0.45,1.19,9.48,14.91,1.54,0.42,1.09,0.99,0.62,0.02,1.13,0.52,0.01,0.51,0.20,1.59,0.00,1.15,1.20,0.15,0.00
58,Ivan Toney,BRE,AVL,F,95.0,0.18,0.07,2.36,0.66,0.83,9.35,15.23,0.94,0.19,2.25,0.97,0.71,0.02,0.99,0.62,0.01,0.50,0.20,1.59,0.00,1.34,1.51,0.15,0.00
59,Richarlison,EVE,BHA,F,95.0,0.17,0.42,1.55,0.33,1.69,19.49,23.97,1.17,0.24,1.08,1.09,1.65,0.30,0.95,0.53,0.00,0.74,0.28,1.31,0.00,1.08,1.01,0.22,0.00
60,James Maddison,LEI,NOR,M,95.0,0.17,0.08,1.30,0.34,1.09,21.24,26.40,1.14,0.19,0.73,0.60,1.04,0.54,0.95,0.40,0.00,0.41,0.33,1.12,0.00,1.09,0.30,0.04,0.00
61,Ruben Dias,MCI,ARS,D,95.0,0.16,0.28,0.27,0.09,0.57,53.43,59.53,0.07,0.00,1.42,0.22,0.51,0.62,0.87,0.58,0.61,2.29,0.48,0.75,0.00,0.13,0.11,0.02,0.00
62,Aymeric Laporte,MCI,ARS,D,95.0,0.16,0.17,0.27,0.09,0.36,36.44,41.27,0.07,0.00,1.00,0.22,0.30,0.62,0.56,0.37,0.40,1.98,0.48,0.75,0.00,0.13,0.11,0.02,0.00
63,Raul Jimenez,WOL,MUN,F,95.0,0.16,0.02,2.15,0.25,1.70,10.81,15.23,0.52,0.01,1.39,0.62,1.56,0.20,0.49,0.19,0.01,0.34,0.17,1.70,0.00,1.28,1.35,0.17,0.00
64,Ilkay Gundogan,MCI,ARS,M,95.0,0.16,0.01,1.00,0.12,0.94,33.90,39.69,2.34,0.49,0.88,0.86,0.52,0.25,1.71,0.97,0.16,0.48,0.48,0.75,0.00,0.52,1.63,0.21,0.00
65,Rodri,MCI,ARS,M,95.0,0.16,0.01,0.76,0.12,0.58,24.58,29.18,1.02,0.25,0.88,0.50,0.28,0.25,1.35,0.85,0.04,0.36,0.48,0.75,0.00,0.52,1.27,0.09,0.00
66,Emile Smith-Rowe,ARS,MCI,F/M,95.0,0.15,0.08,1.73,0.66,1.00,25.93,29.29,1.61,0.35,0.65,1.35,1.00,0.14,0.36,0.21,0.00,0.41,0.08,2.28,0.00,0.97,0.46,0.04,0.00
67,Jordan Ayew,CRY,WHU,F,95.0,0.15,0.05,0.92,0.34,0.92,16.46,20.02,2.40,0.49,0.87,0.86,1.50,0.51,1.86,0.63,0.03,0.41,0.15,1.84,0.00,0.71,0.87,0.08,0.00
68,Aaron Cresswell,WHU,CRY,D,95.0,0.15,0.05,0.66,0.19,0.67,32.09,37.75,3.92,0.55,0.70,0.24,0.35,0.71,1.43,0.83,0.43,0.97,0.42,0.90,0.00,0.54,0.53,0.05,0.00
69,Demarai Gray,EVE,BHA,F/M,95.0,0.15,0.00,0.30,0.15,0.66,7.31,9.40,2.20,0.51,0.08,0.61,0.96,0.35,0.75,0.55,0.21,0.56,0.28,1.31,0.00,0.11,0.45,0.02,0.00
70,Ben Mee,BRN,LEE,D,95.0,0.14,0.13,0.85,0.13,0.15,25.85,33.54,0.01,0.00,3.16,0.35,0.22,0.93,1.09,0.70,0.74,2.79,0.21,1.55,0.00,0.59,0.81,0.14,0.00
71,Andros Townsend,EVE,BHA,F/M,95.0,0.14,0.02,1.40,0.47,0.89,11.04,13.80,2.38,0.55,0.39,0.81,0.80,0.17,0.60,0.31,0.10,0.32,0.28,1.31,0.00,0.48,0.37,0.00,0.10
72,Abdoulaye Doucoure,EVE,BHA,M,95.0,0.13,0.26,1.34,0.49,0.76,24.98,31.63,1.08,0.13,1.11,0.98,0.88,0.76,1.49,0.77,0.40,1.50,0.28,1.31,0.00,0.57,0.79,0.34,0.00
73,Johann Berg Gudmundsson,BRN,LEE,M,95.0,0.13,0.04,0.82,0.20,0.63,11.63,14.62,2.82,0.56,0.31,1.60,0.88,0.18,1.34,0.50,0.07,0.54,0.21,1.55,0.00,0.43,1.00,0.21,0.00
74,Fabinho,LIV,CHE,M/D,95.0,0.13,0.04,0.71,0.20,0.66,33.10,39.43,0.60,0.10,1.16,0.67,0.79,0.94,1.69,1.30,0.35,0.95,0.29,1.25,0.00,0.75,1.74,0.28,0.00
75,Oghenekaro Etebo,WAT,TOT,M,95.0,0.13,0.01,0.64,0.19,0.45,28.60,33.61,0.21,0.07,1.04,0.79,0.63,1.26,1.74,0.97,0.30,0.67,0.12,1.96,0.00,0.94,0.81,0.19,0.00
76,Romain Perraud,SOU,NEW,D,95.0,0.13,0.01,0.22,0.10,0.41,14.22,18.75,2.37,0.21,0.54,0.06,0.25,0.74,1.10,0.88,0.11,1.16,0.23,1.48,0.00,0.49,0.91,0.01,0.00
77,Lewis Dunk,BHA,EVE,D,95.0,0.12,0.09,0.71,0.18,0.29,54.54,59.85,0.01,0.00,2.47,0.14,0.03,0.91,0.92,0.50,0.86,2.71,0.34,1.11,0.00,0.27,0.64,0.18,0.00
78,Nicolas Pepe,ARS,MCI,F,95.0,0.12,0.02,1.72,0.52,1.21,17.38,21.21,3.87,0.79,0.63,1.42,0.96,0.46,0.50,0.26,0.07,0.40,0.08,2.28,0.00,0.40,0.92,0.00,0.07
79,Albert Sambi Lokonga,ARS,MCI,M,95.0,0.12,0.01,1.15,0.38,0.80,41.93,48.81,0.63,0.33,1.09,0.58,0.78,1.31,1.48,0.76,0.17,0.73,0.08,2.28,0.00,0.94,1.04,0.16,0.00
80,Romelu Lukaku,CHE,LIV,F,95.0,0.12,0.01,1.09,0.56,0.75,6.54,9.00,0.09,0.02,1.66,0.57,0.50,0.02,0.28,0.04,0.15,0.32,0.26,1.35,0.00,0.62,0.47,0.01,0.00
81,Granit Xhaka,ARS,MCI,M,95.0,0.12,0.01,1.04,0.27,0.90,43.30,50.49,0.63,0.33,1.72,0.79,1.00,1.31,1.69,0.97,0.27,0.73,0.08,2.28,0.00,0.94,1.15,0.05,0.00
82,Pascal Gross,BHA,EVE,M,95.0,0.11,0.30,0.91,0.51,1.47,20.13,23.06,4.48,1.18,0.25,0.75,0.47,0.18,0.99,0.38,0.07,0.78,0.34,1.11,0.00,0.37,0.32,0.04,0.00
83,Solomon March,BHA,EVE,M,95.0,0.11,0.09,0.70,0.41,1.26,16.64,20.21,2.90,0.86,0.35,0.64,0.36,0.18,1.52,0.59,0.07,0.78,0.34,1.11,0.00,0.58,0.63,0.15,0.00
84,Nemanja Matic,MUN,WOL,M,95.0,0.11,0.00,0.72,0.50,0.47,44.72,54.28,0.21,0.04,2.41,1.12,1.39,1.56,1.82,1.32,0.33,1.37,0.38,0.99,0.00,0.78,0.96,0.01,0.00
85,Declan Rice,WHU,CRY,M,95.0,0.10,0.21,0.98,0.22,0.91,41.38,45.91,0.62,0.44,1.48,1.21,0.50,1.37,2.13,1.64,0.41,1.22,0.42,0.90,0.00,0.65,1.00,0.09,0.00
86,Cesar Azpilicueta,CHE,LIV,D,95.0,0.10,0.07,0.57,0.10,0.43,25.08,27.28,1.68,0.24,0.27,0.13,0.34,0.39,1.93,0.90,0.13,0.54,0.26,1.35,0.00,0.26,0.13,0.02,0.00
87,Theo Walcott,SOU,NEW,F/M,95.0,0.10,0.05,0.58,0.17,0.75,14.22,18.53,2.35,0.49,0.59,0.75,0.65,0.34,1.87,0.92,0.03,0.24,0.23,1.48,0.00,0.77,0.53,0.08,0.00
88,Nelson Semedo,WOL,MUN,D,95.0,0.09,0.02,0.55,0.07,0.45,9.14,11.87,1.98,0.36,0.17,0.68,0.10,0.28,1.33,0.66,0.08,0.18,0.17,1.70,0.00,0.59,0.35,0.18,0.00
89,Jarrod Bowen,WHU,CRY,F/M,95.0,0.08,0.06,1.15,0.60,1.90,14.20,18.36,4.93,2.03,0.63,0.95,1.17,0.21,1.61,0.99,0.18,0.13,0.42,0.90,0.00,0.72,0.25,0.00,0.02
90,Craig Dawson,WHU,CRY,D,95.0,0.08,0.01,1.09,0.09,0.25,47.04,52.34,0.01,0.00,3.22,0.15,0.05,0.86,0.34,0.18,0.52,2.36,0.42,0.90,0.00,0.52,0.75,0.02,0.00
91,Angelo Ogbonna,WHU,CRY,D,95.0,0.08,0.01,0.56,0.09,0.14,47.78,52.66,0.01,0.00,2.38,0.15,0.05,0.97,0.55,0.39,0.41,1.72,0.42,0.90,0.00,0.52,0.64,0.02,0.00
92,Moussa Djenepo,SOU,NEW,F/M,95.0,0.08,0.00,0.54,0.14,0.81,13.89,20.07,1.43,0.57,0.34,1.86,1.20,0.75,1.61,0.53,0.11,1.02,0.23,1.48,0.00,0.80,1.23,0.24,0.00
93,Ryan Bertrand,LEI,NOR,D,95.0,0.07,0.05,0.63,0.24,0.31,70.59,78.31,0.07,0.01,2.21,0.11,0.21,0.86,0.87,0.53,0.56,3.87,0.33,1.12,0.00,0.34,0.61,0.07,0.00
94,Harvey Barnes,LEI,NOR,F/M,95.0,0.06,0.27,0.93,0.41,1.13,19.15,24.10,1.13,0.11,0.94,1.05,0.90,0.23,0.52,0.27,0.00,0.46,0.33,1.12,0.00,0.73,0.68,0.09,0.00
95,Francisco Trincao,WOL,MUN,F,95.0,0.06,0.14,1.86,1.02,1.64,18.50,21.67,1.69,0.35,0.37,1.78,1.24,0.79,1.06,0.79,0.00,0.22,0.17,1.70,0.00,0.80,0.60,0.15,0.00
96,Daniel Amartey,LEI,NOR,M/D,95.0,0.06,0.04,0.38,0.17,0.22,65.79,71.69,0.01,0.00,1.36,0.02,0.15,0.58,0.63,0.38,0.43,2.67,0.33,1.12,0.00,0.17,0.47,0.01,0.00
97,Caglar Soyuncu,LEI,NOR,D,95.0,0.06,0.04,0.38,0.17,0.22,68.43,75.07,0.01,0.00,1.36,0.02,0.36,0.58,0.73,0.49,0.32,3.52,0.33,1.12,0.00,0.49,0.58,0.01,0.00
98,Dwight McNeil,BRN,LEE,F/M,95.0,0.06,0.00,0.64,0.25,0.94,11.17,14.17,3.56,0.78,0.30,1.32,0.94,0.80,1.19,0.88,0.79,0.42,0.21,1.55,0.00,0.31,0.66,0.07,0.00
99,Rico Henry,BRE,AVL,D,95.0,0.06,0.00,0.21,0.09,0.70,12.37,16.46,1.05,0.40,0.38,1.01,0.89,0.85,0.88,0.67,0.22,0.63,0.20,1.59,0.00,0.46,0.48,0.03,0.00
100,Joao Cancelo,MCI,ARS,D,95.0,0.05,0.06,0.89,0.05,0.86,36.19,42.17,2.08,0.54,1.41,0.99,0.73,1.22,1.40,0.74,0.20,1.22,0.48,0.75,0.00,0.49,0.70,0.07,0.00
101,Kyle Walker,MCI,ARS,D,95.0,0.05,0.06,0.47,0.05,0.55,23.42,27.71,1.45,0.43,0.89,0.68,0.41,0.70,0.98,0.52,0.20,0.90,0.48,0.75,0.00,0.38,0.49,0.07,0.00
102,Leandro Trossard,BHA,EVE,F/M,95.0,0.05,0.00,0.92,0.08,0.60,14.46,19.03,1.48,0.27,0.32,0.93,1.38,0.35,1.35,0.69,0.11,0.25,0.34,1.11,0.00,0.64,0.56,0.07,0.00
103,Fernando Marcal,WOL,MUN,M/D,95.0,0.05,0.00,0.48,0.13,0.79,17.03,21.79,2.86,0.90,0.38,0.45,0.64,0.96,1.40,0.61,0.04,0.52,0.17,1.70,0.00,0.49,0.75,0.29,0.00
104,Mason Holgate,EVE,BHA,D,95.0,0.05,0.00,0.33,0.13,0.05,25.65,30.25,0.04,0.00,1.76,0.06,0.08,1.23,0.35,0.21,0.94,3.23,0.28,1.31,0.00,0.20,0.30,0.13,0.00
105,Yerry Mina,EVE,BHA,D,95.0,0.05,0.00,0.33,0.13,0.05,29.37,35.54,0.04,0.00,2.15,0.06,0.08,1.82,0.35,0.21,1.53,4.21,0.28,1.31,0.00,0.40,0.30,0.33,0.00
106,Frank Onyeka,BRE,AVL,M,95.0,0.04,0.04,0.84,0.22,0.78,19.26,24.98,0.87,0.29,1.33,0.84,0.87,0.40,2.51,1.23,0.03,0.86,0.20,1.59,0.00,1.31,1.51,0.22,0.00
107,Vitaly Janelt,BRE,AVL,M,95.0,0.04,0.04,0.68,0.09,0.74,20.79,27.43,0.96,0.16,1.15,0.46,0.73,0.50,2.50,1.39,0.03,0.84,0.20,1.59,0.00,1.13,1.20,0.22,0.00
108,Conor Gallagher,CRY,WHU,M,95.0,0.04,0.02,0.67,0.13,0.70,29.16,34.30,1.42,0.33,0.66,0.78,0.87,0.79,1.57,1.03,0.23,1.06,0.15,1.84,0.00,0.62,0.85,0.16,0.00
109,Ken Sema,WAT,TOT,F/M,95.0,0.04,0.00,0.38,0.09,0.89,9.46,13.87,1.24,0.41,0.22,0.70,1.43,0.37,0.75,0.19,0.06,0.48,0.12,1.96,0.00,0.47,0.83,0.20,0.00
110,Gabriel Jesus,MCI,ARS,F,95.0,0.03,0.59,1.20,0.35,1.88,29.00,32.41,1.82,0.30,0.37,1.29,0.96,0.52,1.01,0.68,0.00,0.22,0.48,0.75,0.00,0.86,1.06,0.15,0.00
111,Pierre-Emile Hojbjerg,TOT,WAT,M,95.0,0.03,0.18,0.58,0.04,0.59,36.69,42.60,0.52,0.05,0.17,1.38,0.98,1.28,2.33,1.60,0.30,0.77,0.48,0.76,0.00,0.50,0.61,0.16,0.00
112,Oliver Skipp,TOT,WAT,M,95.0,0.03,0.18,0.37,0.04,0.38,35.49,41.29,0.31,0.05,0.27,0.85,0.98,1.07,2.44,1.71,0.41,0.77,0.48,0.76,0.00,0.50,0.72,0.15,0.00
113,Lucas Moura,TOT,WAT,F/M,95.0,0.03,0.14,1.40,0.53,1.51,19.41,23.38,0.85,0.18,1.64,1.87,1.46,0.83,1.45,0.45,0.00,0.94,0.48,0.76,0.00,1.89,0.79,0.33,0.00
114,Joe Willock,NEW,SOU,M,95.0,0.03,0.06,0.84,0.10,0.80,30.70,36.14,1.71,0.32,0.83,0.53,0.83,0.81,1.66,1.06,0.18,0.75,0.26,1.37,0.00,0.67,0.97,0.16,0.00
115,Martin Odegaard,ARS,MCI,M,95.0,0.03,0.04,0.73,0.13,0.72,37.55,44.26,1.52,0.36,0.62,0.82,1.12,0.98,2.52,1.41,0.48,1.00,0.08,2.28,0.00,1.26,1.28,0.14,0.00
116,Antonio Rudiger,CHE,LIV,D,95.0,0.03,0.00,0.56,0.07,0.06,45.09,51.47,0.22,0.00,1.78,0.21,0.07,0.84,0.91,0.39,0.66,3.43,0.26,1.35,0.00,0.22,0.79,0.01,0.00
117,Andreas Christensen,CHE,LIV,D,95.0,0.03,0.00,0.56,0.07,0.06,50.05,55.59,0.12,0.00,1.99,0.32,0.07,1.27,0.80,0.39,0.55,3.64,0.26,1.35,0.00,0.12,0.89,0.01,0.00
118,Jack Harrison,LEE,BRN,M,95.0,0.03,0.00,0.33,0.15,0.51,7.61,10.66,0.91,0.10,0.20,0.79,0.28,0.26,0.54,0.21,0.03,0.12,0.26,1.35,0.00,0.23,0.25,0.02,0.00
119,Vladimir Coufal,WHU,CRY,M/D,95.0,0.02,0.22,0.26,0.05,0.86,29.91,37.10,2.24,0.54,1.04,0.57,0.36,0.80,1.87,1.10,0.20,1.70,0.42,0.90,0.00,0.43,0.75,0.07,0.00
120,Tyrone Mings,AVL,BRE,D,95.0,0.02,0.19,0.43,0.01,0.30,41.01,47.42,0.29,0.00,1.93,0.31,0.54,0.66,0.54,0.29,0.68,2.78,0.34,1.10,0.00,0.84,0.69,0.27,0.00
121,Ezri Konsa,AVL,BRE,D,95.0,0.02,0.09,0.32,0.01,0.30,39.00,45.31,0.29,0.00,2.14,0.21,0.54,0.56,0.54,0.29,0.57,2.99,0.34,1.10,0.00,0.94,0.48,0.16,0.00
122,Miguel Almiron,NEW,SOU,M,95.0,0.02,0.04,0.82,0.07,0.79,27.70,32.45,1.59,0.32,0.73,0.36,0.97,0.70,1.50,0.97,0.25,0.54,0.26,1.37,0.00,0.46,0.70,0.13,0.00
123,Sean Longstaff,NEW,SOU,M,95.0,0.02,0.04,0.61,0.07,0.58,22.53,26.44,1.28,0.22,0.62,0.36,0.66,0.59,1.19,0.76,0.15,0.54,0.26,1.37,0.00,0.46,0.70,0.13,0.00
124,Adam Webster,BHA,EVE,D,95.0,0.02,0.04,0.15,0.03,0.25,34.58,41.43,1.20,0.41,1.28,0.44,0.40,0.74,1.67,0.91,0.45,0.89,0.34,1.11,0.00,0.17,0.60,0.19,0.00
125,Lukas Rupp,NOR,LEI,M,95.0,0.02,0.03,1.30,0.04,0.65,33.26,39.24,1.33,0.44,0.59,0.54,0.72,0.57,1.69,1.16,0.34,1.17,0.17,1.75,0.00,0.81,0.58,0.03,0.00
126,Pierre Lees-Melou,NOR,LEI,M,95.0,0.02,0.03,0.84,0.04,0.87,32.35,38.64,1.61,0.65,0.56,0.40,0.65,0.67,2.25,1.30,0.51,1.10,0.17,1.75,0.00,0.95,0.69,0.03,0.00
127,Billy Gilmour,NOR,LEI,M,95.0,0.02,0.03,0.73,0.04,0.65,38.36,44.45,1.61,0.55,0.45,0.71,0.65,0.88,1.62,1.09,0.19,1.21,0.17,1.75,0.00,0.85,0.79,0.03,0.00
128,Ben Gibson,NOR,LEI,D,95.0,0.02,0.01,1.04,0.23,0.26,42.03,47.80,0.01,0.00,2.00,0.05,0.03,0.87,0.33,0.25,0.58,5.17,0.17,1.75,0.00,0.37,0.20,0.02,0.00
129,Grant Hanley,NOR,LEI,D,95.0,0.02,0.01,0.93,0.12,0.36,40.23,45.37,0.01,0.00,1.79,0.05,0.03,0.87,0.44,0.36,0.58,4.12,0.17,1.75,0.00,0.58,0.30,0.02,0.00
130,Brandon Williams,NOR,LEI,D,95.0,0.02,0.01,0.83,0.12,0.26,30.84,35.24,0.01,0.00,1.69,0.05,0.03,0.66,0.33,0.25,0.37,2.95,0.17,1.75,0.00,0.37,0.20,0.02,0.00
131,Matty Cash,AVL,BRE,D,95.0,0.02,0.01,0.63,0.01,0.42,22.97,29.37,1.57,0.26,1.43,0.10,0.73,1.04,1.59,1.31,0.13,0.83,0.34,1.10,0.00,0.47,0.43,0.10,0.00
132,James McArthur,CRY,WHU,M,95.0,0.02,0.01,0.59,0.20,0.73,28.20,33.76,1.23,0.37,0.72,1.13,0.86,0.94,1.38,1.06,0.15,1.47,0.15,1.84,0.00,0.85,0.72,0.11,0.00
133,Cheikhou Kouyate,CRY,WHU,M/D,95.0,0.02,0.01,0.48,0.09,0.52,30.52,35.56,1.12,0.27,1.03,0.71,0.75,1.05,1.38,1.06,0.26,1.36,0.15,1.84,0.00,0.53,0.93,0.11,0.00
134,Max Kilman,WOL,MUN,D,95.0,0.02,0.01,0.38,0.14,0.31,34.64,41.57,0.26,0.00,1.26,0.54,0.07,2.12,2.70,1.49,0.77,2.34,0.17,1.70,0.00,0.05,0.27,0.18,0.00
135,Romain Saiss,WOL,MUN,D,95.0,0.02,0.01,0.28,0.03,0.42,35.26,42.46,0.27,0.00,1.59,0.33,0.07,1.92,2.07,1.39,0.66,2.36,0.17,1.70,0.00,0.05,0.38,0.18,0.00
136,Max Aarons,NOR,LEI,D,95.0,0.02,0.01,0.22,0.01,0.26,14.44,17.59,0.60,0.10,0.14,0.90,0.57,0.79,0.71,0.43,0.52,0.82,0.17,1.75,0.00,0.54,0.58,0.02,0.00
137,Conor Coady,WOL,MUN,D,95.0,0.02,0.01,0.17,0.03,0.20,33.42,40.13,0.16,0.00,1.58,0.33,0.07,1.91,2.06,1.38,0.66,2.13,0.17,1.70,0.00,0.05,0.27,0.18,0.00
138,Paul Pogba,MUN,WOL,M,95.0,0.01,1.00,1.50,0.26,1.62,18.88,23.38,0.56,0.24,0.86,1.40,1.38,0.34,0.48,0.31,0.00,0.34,0.38,0.99,0.00,1.03,1.16,0.23,0.00
139,Jack Cork,BRN,LEE,M,95.0,0.01,0.19,1.03,0.12,0.70,19.32,25.10,1.69,0.32,0.84,0.53,0.70,0.73,1.48,0.85,0.21,1.32,0.21,1.55,0.00,0.28,0.91,0.11,0.00
140,Josh Brownhill,BRN,LEE,M,95.0,0.01,0.19,0.71,0.12,1.07,21.10,27.68,2.41,0.51,0.71,0.53,1.05,1.37,2.21,1.30,0.21,1.37,0.21,1.55,0.00,0.47,0.88,0.11,0.00
141,Trent Alexander-Arnold,LIV,CHE,D,95.0,0.01,0.17,0.54,0.17,1.76,21.73,26.53,3.61,1.68,0.62,0.18,0.64,0.79,1.18,0.75,0.21,1.37,0.29,1.25,0.00,0.07,0.27,0.02,0.00
142,Ricardo Pereira,LEI,NOR,M/D,95.0,0.01,0.16,0.47,0.01,0.49,23.43,29.10,1.28,0.55,0.81,0.71,0.47,0.77,1.13,0.54,0.28,0.73,0.33,1.12,0.00,0.47,0.40,0.18,0.00
143,Liam Cooper,LEE,BRN,D,95.0,0.01,0.13,0.94,0.25,0.41,46.65,52.53,0.19,0.00,3.00,0.04,0.19,1.43,2.21,1.32,0.84,3.12,0.26,1.35,0.00,0.39,0.49,0.32,0.00
144,Stuart Dallas,LEE,BRN,M/D,95.0,0.01,0.11,0.46,0.11,0.80,32.64,38.35,1.47,0.23,0.51,0.91,0.33,0.82,1.66,1.11,0.14,0.40,0.26,1.35,0.00,1.00,0.71,0.02,0.00
145,Tyrick Mitchell,CRY,WHU,D,95.0,0.01,0.09,0.14,0.02,0.47,18.70,23.77,1.63,0.37,0.67,0.06,1.10,1.16,0.81,0.59,0.03,1.16,0.15,1.84,0.00,0.24,0.45,0.01,0.00
146,Todd Cantwell,NOR,LEI,M,95.0,0.01,0.08,0.70,0.23,0.96,15.23,17.76,0.56,0.12,0.39,0.63,1.13,0.49,1.59,1.43,0.00,0.31,0.17,1.75,0.00,1.66,0.45,0.27,0.00
147,Aaron Wan-Bissaka,MUN,WOL,D,95.0,0.01,0.08,0.07,0.01,0.49,19.31,24.90,1.04,0.47,0.33,0.39,0.47,0.77,1.13,0.62,0.28,0.89,0.38,0.99,0.00,0.15,0.56,0.10,0.00
148,Naby Keita,LIV,CHE,M,95.0,0.01,0.03,0.66,0.04,0.82,35.71,41.15,1.22,0.38,0.32,0.61,0.72,0.47,2.15,1.48,0.07,0.77,0.29,1.25,0.00,0.79,1.10,0.05,0.00
149,Jordan Henderson,LIV,CHE,M,95.0,0.01,0.03,0.54,0.04,0.70,26.21,30.49,1.10,0.38,0.32,0.61,0.49,0.47,1.11,0.78,0.07,0.77,0.29,1.25,0.00,0.67,0.64,0.05,0.00
150,Emiliano Buendia,AVL,BRE,M,95.0,0.01,0.03,0.33,0.09,0.60,8.28,10.39,1.29,0.17,0.21,0.43,1.03,0.19,0.54,0.35,0.00,0.05,0.34,1.10,0.00,0.44,0.23,0.16,0.00
151,Pascal Struijk,LEE,BRN,M/D,95.0,0.01,0.02,0.94,0.25,0.30,46.02,52.43,0.09,0.00,2.90,0.04,0.09,1.53,1.79,1.11,0.63,3.44,0.26,1.35,0.00,0.28,0.18,0.11,0.00
152,Ruben Neves,WOL,MUN,M,95.0,0.01,0.01,1.48,0.51,1.77,33.02,41.23,2.83,1.05,0.49,0.50,0.63,0.86,2.82,1.75,0.15,1.10,0.17,1.70,0.00,0.22,1.22,0.01,0.00
153,Joao Moutinho,WOL,MUN,M,95.0,0.01,0.01,1.23,0.40,1.58,32.26,39.90,2.13,0.76,0.52,0.54,0.80,1.03,2.76,1.88,0.15,0.92,0.17,1.70,0.00,0.22,1.56,0.01,0.00
154,Joel Matip,LIV,CHE,D,95.0,0.01,0.01,1.15,0.15,0.30,39.74,46.51,0.01,0.00,3.00,0.02,0.03,0.70,1.29,0.89,1.28,3.35,0.29,1.25,0.00,0.49,0.47,0.25,0.00
155,Virgil van Dijk,LIV,CHE,D,95.0,0.01,0.01,1.15,0.04,0.51,40.48,47.25,0.01,0.00,2.79,0.02,0.03,0.70,1.08,0.79,1.39,3.66,0.29,1.25,0.00,0.28,0.36,0.25,0.00
156,Jacob Ramsey,AVL,BRE,M,95.0,0.01,0.01,0.92,0.23,0.56,23.12,28.70,1.05,0.51,1.23,0.61,0.55,0.99,1.83,1.31,0.02,1.77,0.34,1.10,0.00,1.76,1.37,0.08,0.00
157,Federico Fernandez,NEW,SOU,D,95.0,0.01,0.01,0.77,0.01,0.34,36.19,43.44,0.15,0.02,2.20,0.02,0.20,0.87,0.75,0.27,0.94,4.40,0.26,1.37,0.00,0.10,0.19,0.07,0.00
158,James Ward-Prowse,SOU,NEW,M,95.0,0.01,0.01,0.75,0.31,0.90,30.04,36.62,4.05,0.89,0.66,0.46,0.87,1.13,1.96,1.47,0.31,1.04,0.23,1.48,0.00,0.78,1.44,0.11,0.00
159,Andrew Robertson,LIV,CHE,D,95.0,0.01,0.01,0.73,0.04,0.30,27.39,32.37,0.01,0.00,1.94,0.02,0.03,0.60,1.08,0.79,1.28,2.50,0.29,1.25,0.00,0.28,0.36,0.25,0.00
160,Oriol Romeu,SOU,NEW,M,95.0,0.01,0.01,0.65,0.10,0.58,27.68,35.16,2.16,0.47,1.00,0.36,0.88,0.72,2.55,1.61,0.32,1.50,0.23,1.48,0.00,0.78,1.47,0.11,0.00
161,Douglas Luiz,AVL,BRE,M,95.0,0.01,0.01,0.64,0.23,0.42,17.49,21.95,0.91,0.37,1.08,0.47,0.55,0.99,1.26,0.89,0.02,1.34,0.34,1.10,0.00,1.05,0.95,0.08,0.00
162,Kieran Tierney,ARS,MCI,D,95.0,0.01,0.01,0.61,0.20,1.46,17.94,21.43,3.69,1.15,0.22,0.45,0.18,0.84,0.28,0.22,0.03,0.40,0.08,2.28,0.00,0.26,0.13,0.01,0.00
163,Jamaal Lascelles,NEW,SOU,D,95.0,0.01,0.01,0.55,0.01,0.23,25.44,32.13,0.15,0.02,1.75,0.02,0.20,0.76,0.75,0.27,0.49,3.16,0.26,1.37,0.00,0.10,0.19,0.07,0.00
164,Fabian Schar,NEW,SOU,D,95.0,0.01,0.01,0.55,0.01,0.23,25.44,32.13,0.15,0.02,1.75,0.02,0.20,0.76,0.75,0.27,0.49,3.16,0.26,1.37,0.00,0.10,0.19,0.07,0.00
165,Kalvin Phillips,LEE,BRN,M,95.0,0.01,0.01,0.46,0.11,0.48,24.83,29.16,0.84,0.13,0.41,0.49,0.33,0.40,1.13,0.69,0.03,0.29,0.26,1.35,0.00,0.58,0.61,0.02,0.00
166,Junior Firpo,LEE,BRN,D,95.0,0.01,0.01,0.46,0.11,0.48,35.32,41.65,1.20,0.13,0.59,0.49,0.33,0.76,1.49,0.69,0.03,0.29,0.26,1.35,0.00,0.76,0.79,0.02,0.00
167,Lucas Digne,EVE,BHA,D,95.0,0.01,0.01,0.38,0.02,1.10,14.59,20.28,3.61,1.00,1.14,0.46,0.39,0.76,0.89,0.83,0.11,1.24,0.28,1.31,0.00,0.79,1.32,0.17,0.00
168,Luke Shaw,MUN,WOL,D,95.0,0.01,0.01,0.22,0.02,0.79,19.73,24.48,2.03,0.68,0.43,0.14,0.71,0.76,0.65,0.43,0.35,0.77,0.38,0.99,0.00,0.87,0.68,0.17,0.00
169,Japhet Tanganga,TOT,WAT,D,95.0,0.01,0.01,0.14,0.01,0.18,22.44,26.44,1.32,0.34,1.19,0.18,0.33,1.05,1.19,0.76,0.62,1.67,0.48,0.76,0.00,0.39,1.33,0.26,0.00
170,Matthew Lowton,BRN,LEE,D,95.0,0.01,0.01,0.14,0.01,0.49,13.97,18.70,1.47,0.10,0.54,0.50,0.25,0.87,1.02,0.67,0.05,0.82,0.21,1.55,0.00,0.23,0.42,0.10,0.00
171,Adam Masina,WAT,TOT,D,95.0,0.01,0.01,0.06,0.02,0.31,13.32,17.99,0.68,0.13,1.06,0.38,0.23,0.29,0.65,0.43,0.19,1.48,0.12,1.96,0.00,0.08,0.60,0.01,0.00
172,Joachim Andersen,CRY,WHU,D,95.0,0.01,0.00,0.40,0.02,0.13,52.32,60.53,0.04,0.00,1.36,0.18,0.46,0.94,0.44,0.25,0.64,3.19,0.15,1.84,0.00,0.31,0.54,0.19,0.00
173,Valentino Livramento,SOU,NEW,D,95.0,0.01,0.00,0.31,0.01,0.25,16.38,21.58,1.04,0.39,1.05,0.71,0.63,1.17,1.60,0.77,0.20,1.76,0.23,1.48,0.00,0.55,0.17,0.02,0.00
174,Marc Guehi,CRY,WHU,D,95.0,0.01,0.00,0.25,0.02,0.24,52.00,58.74,0.15,0.00,1.47,0.02,0.36,0.73,0.65,0.25,0.59,3.52,0.15,1.84,0.00,0.52,0.39,0.04,0.00
175,Seamus Coleman,EVE,BHA,D,95.0,0.01,0.00,0.23,0.01,0.50,13.28,18.48,1.21,0.23,1.02,0.16,0.16,1.34,1.82,0.80,0.04,1.25,0.28,1.31,0.00,0.42,0.50,0.18,0.00
176,Cedric Soares,ARS,MCI,D,95.0,0.01,0.00,0.18,0.01,0.20,11.21,13.73,0.64,0.32,0.37,0.24,0.27,0.30,0.78,0.47,0.12,0.72,0.08,2.28,0.00,0.29,0.55,0.02,0.00
177,Craig Cathcart,WAT,TOT,D,95.0,0.01,0.00,0.07,0.01,0.09,11.44,15.01,0.62,0.07,0.91,0.07,0.07,0.32,0.99,0.14,0.23,1.17,0.12,1.96,0.00,0.44,0.64,0.02,0.00
178,Yves Bissouma,BHA,EVE,M,95.0,0.00,0.20,0.43,0.02,0.78,39.78,46.47,1.63,0.31,0.39,0.88,0.76,1.75,2.51,1.59,0.06,0.40,0.34,1.11,0.00,0.83,0.62,0.01,0.00
179,Matt Ritchie,NEW,SOU,M/D,95.0,0.00,0.17,0.52,0.01,1.87,18.28,22.10,4.86,1.60,0.93,0.22,0.64,0.22,0.55,0.33,0.03,0.68,0.26,1.37,0.00,0.49,0.85,0.01,0.00
180,Allan,EVE,BHA,M,95.0,0.00,0.16,0.92,0.38,0.87,22.34,28.78,1.19,0.13,0.59,0.98,0.66,0.76,1.91,0.87,0.61,1.72,0.28,1.31,0.00,0.35,1.11,0.13,0.00
181,Tom Cleverley,WAT,TOT,M,95.0,0.00,0.15,1.45,0.35,1.04,30.80,37.75,1.60,0.14,1.20,0.96,0.99,0.86,2.03,1.14,0.34,0.71,0.12,1.96,0.00,0.92,0.95,0.14,0.00
182,Ethan Pinnock,BRE,AVL,D,95.0,0.00,0.13,0.48,0.02,0.30,29.59,37.27,0.10,0.09,2.44,0.38,0.30,1.04,0.38,0.19,0.37,2.97,0.20,1.59,0.00,0.36,0.59,0.10,0.00
183,Victor Lindelof,MUN,WOL,D,95.0,0.00,0.13,0.29,0.13,0.15,41.14,49.30,0.01,0.00,1.58,0.05,0.12,0.61,1.14,0.43,0.64,3.45,0.38,0.99,0.00,0.48,0.43,0.09,0.00
184,Adam Lallana,BHA,EVE,M,95.0,0.00,0.10,0.33,0.02,0.67,45.46,52.71,1.63,0.31,0.54,0.82,0.86,1.11,2.18,1.32,0.06,0.45,0.34,1.11,0.00,0.88,0.62,0.01,0.00
185,Imran Louza,WAT,TOT,M,95.0,0.00,0.04,1.23,0.24,0.92,24.17,29.43,1.26,0.14,0.97,0.96,0.87,0.52,1.70,1.03,0.22,0.59,0.12,1.96,0.00,0.70,0.72,0.14,0.00
186,Mohammed Salisu,SOU,NEW,D,95.0,0.00,0.04,0.41,0.20,0.10,31.96,38.06,0.01,0.00,2.27,0.36,0.01,0.93,0.68,0.50,0.97,3.39,0.23,1.48,0.00,0.28,0.50,0.04,0.00
187,Jack Stephens,SOU,NEW,D,95.0,0.00,0.04,0.30,0.09,0.10,30.69,37.53,0.01,0.00,1.95,0.26,0.01,0.93,1.42,0.92,0.65,3.07,0.23,1.48,0.00,0.39,0.39,0.15,0.00
188,Jorginho,CHE,LIV,M,95.0,0.00,0.03,0.60,0.02,0.74,41.37,47.20,0.91,0.21,0.45,0.27,1.14,1.05,2.05,0.85,0.10,0.83,0.26,1.35,0.00,0.66,0.51,0.02,0.00
189,N'Golo Kante,CHE,LIV,M,95.0,0.00,0.03,0.60,0.02,0.52,26.38,30.62,0.91,0.21,0.35,0.27,0.93,0.74,1.31,0.64,0.10,0.72,0.26,1.35,0.00,0.44,0.41,0.02,0.00
190,Harry Maguire,MUN,WOL,D,95.0,0.00,0.03,0.50,0.13,0.05,39.98,47.82,0.01,0.00,1.58,0.15,0.23,0.72,1.35,0.54,0.64,3.35,0.38,0.99,0.00,0.58,0.43,0.20,0.00
191,Kristoffer Ajer,BRE,AVL,D,95.0,0.00,0.02,0.50,0.02,0.32,27.77,35.60,0.10,0.09,2.27,0.40,0.09,0.74,0.62,0.31,0.15,2.70,0.20,1.59,0.00,0.49,0.70,0.10,0.00
192,Pontus Jansson,BRE,AVL,D,95.0,0.00,0.02,0.38,0.02,0.30,28.22,34.95,0.10,0.09,2.65,0.16,0.09,0.93,0.59,0.40,0.15,3.18,0.20,1.59,0.00,0.26,0.59,0.10,0.00
193,Ashley Young,AVL,BRE,M,95.0,0.00,0.01,0.39,0.09,0.88,21.42,26.63,2.58,0.56,0.40,0.14,0.40,0.59,0.57,0.25,0.03,0.98,0.34,1.10,0.00,0.91,0.49,0.01,0.00
194,Charlie Taylor,BRN,LEE,D,95.0,0.00,0.01,0.13,0.01,0.68,12.58,18.78,2.72,0.65,0.93,0.22,0.40,1.09,1.19,0.64,0.42,0.76,0.21,1.55,0.00,1.04,0.69,0.17,0.00
195,Sergio Reguilon,TOT,WAT,D,95.0,0.00,0.01,0.05,0.01,0.66,13.55,18.46,1.61,0.36,0.82,0.22,0.25,1.09,0.69,0.19,0.03,1.52,0.48,0.76,0.00,0.25,0.56,0.12,0.00
196,Christian Kabasele,WAT,TOT,D,95.0,0.00,0.00,0.34,0.02,0.09,42.99,48.15,0.08,0.00,2.46,0.05,0.01,0.97,0.58,0.40,1.14,4.04,0.12,1.96,0.00,0.04,0.42,0.01,0.00
197,Pablo Mari,ARS,MCI,D,95.0,0.00,0.00,0.31,0.02,0.15,34.59,39.47,0.01,0.00,1.70,0.02,0.09,0.85,1.12,0.63,1.18,4.11,0.08,2.28,0.00,0.43,0.46,0.21,0.00
198,William Troost-Ekong,WAT,TOT,D,95.0,0.00,0.00,0.23,0.02,0.09,43.83,49.73,0.08,0.00,1.93,0.05,0.01,1.07,0.58,0.40,0.93,3.93,0.12,1.96,0.00,0.04,0.42,0.01,0.00
199,Rob Holding,ARS,MCI,D,95.0,0.00,0.00,0.21,0.02,0.05,26.26,29.76,0.01,0.00,1.18,0.02,0.09,0.53,0.59,0.31,0.76,3.06,0.08,2.28,0.00,0.32,0.35,0.11,0.00
200,Ederson,MCI,ARS,G,95.0,0.00,0.00,0.00,0.00,0.00,10.09,13.61,0.00,0.00,0.13,0.00,0.00,0.00,0.00,0.00,0.00,0.42,0.48,0.75,2.04,0.00,0.00,0.00,0.00
201,Bernd Leno,ARS,MCI,G,95.0,0.00,0.00,0.00,0.00,0.01,11.94,16.89,0.00,0.00,0.44,0.00,0.00,0.00,0.16,0.16,0.00,0.68,0.08,2.28,0.53,0.00,0.00,0.00,0.00
202,Kasper Schmeichel,LEI,NOR,G,95.0,0.00,0.00,0.00,0.00,0.01,13.37,16.89,0.00,0.00,0.12,0.00,0.00,0.00,0.00,0.00,0.00,0.60,0.33,1.12,0.67,0.00,0.00,0.00,0.00
203,Tim Krul,NOR,LEI,G,95.0,0.00,0.00,0.00,0.00,0.00,13.26,19.08,0.00,0.00,0.21,0.00,0.08,0.00,0.00,0.00,0.00,0.58,0.17,1.75,1.74,0.00,0.00,0.00,0.00
204,Freddie Woodman,NEW,SOU,G,95.0,0.00,0.00,0.00,0.00,0.00,8.98,14.25,0.00,0.00,0.05,0.00,0.00,0.00,0.00,0.00,0.00,0.34,0.26,1.37,1.14,0.00,0.00,0.00,0.00
205,Alex McCarthy,SOU,NEW,G,95.0,0.00,0.00,0.00,0.00,0.01,7.19,14.12,0.00,0.00,0.20,0.00,0.00,0.00,0.00,0.00,0.00,0.92,0.23,1.48,0.32,0.00,0.00,0.08,0.00
206,Nick Pope,BRN,LEE,G,95.0,0.00,0.00,0.00,0.00,0.00,8.35,15.20,0.00,0.00,0.37,0.00,0.00,0.00,0.00,0.00,0.00,0.66,0.21,1.55,0.75,0.00,0.00,0.00,0.00
207,Alisson Becker,LIV,CHE,G,95.0,0.00,0.00,0.00,0.00,0.00,14.36,18.20,0.00,0.00,0.68,0.00,0.00,0.00,0.08,0.08,0.00,1.06,0.29,1.25,1.83,0.00,0.00,0.00,0.00
208,Edouard Mendy,CHE,LIV,G,95.0,0.00,0.00,0.00,0.00,0.01,12.97,17.61,0.00,0.00,0.20,0.00,0.00,0.00,0.00,0.00,0.00,0.76,0.26,1.35,2.34,0.00,0.00,0.00,0.00
209,Illan Meslier,LEE,BRN,G,95.0,0.00,0.00,0.00,0.00,0.09,13.68,19.74,0.00,0.00,0.44,0.00,0.00,0.00,0.00,0.00,0.00,1.31,0.26,1.35,1.77,0.08,0.00,0.00,0.00
210,Emiliano Martinez,AVL,BRE,G,95.0,0.00,0.00,0.00,0.00,0.00,11.59,15.59,0.00,0.00,0.29,0.00,0.00,0.00,0.00,0.00,0.00,0.42,0.34,1.10,1.07,0.00,0.00,0.16,0.00
211,David Raya,BRE,AVL,G,95.0,0.00,0.00,0.00,0.00,0.01,11.15,20.85,0.00,0.00,0.36,0.00,0.00,0.00,0.00,0.00,0.00,0.13,0.20,1.59,0.10,0.00,0.00,0.00,0.00
212,Robert Sanchez,BHA,EVE,G,95.0,0.00,0.00,0.00,0.00,0.16,12.62,19.63,0.00,0.00,0.37,0.00,0.00,0.00,0.00,0.00,0.00,1.06,0.34,1.11,2.17,0.16,0.00,0.00,0.00
213,Jordan Pickford,EVE,BHA,G,95.0,0.00,0.00,0.00,0.00,0.01,7.35,14.99,0.00,0.00,0.04,0.00,0.00,0.00,0.00,0.00,0.00,0.68,0.28,1.31,1.12,0.00,0.00,0.00,0.00
214,Daniel Bachmann,WAT,TOT,G,95.0,0.00,0.00,0.00,0.00,0.01,9.57,13.01,0.00,0.00,0.04,0.00,0.00,0.00,0.00,0.00,0.00,0.28,0.12,1.96,0.57,0.00,0.08,0.00,0.00
215,Hugo Lloris,TOT,WAT,G,95.0,0.00,0.00,0.00,0.00,0.16,10.09,14.88,0.00,0.00,0.13,0.00,0.00,0.00,0.00,0.00,0.00,0.34,0.48,0.76,1.32,0.00,0.00,0.00,0.00
216,Lukasz Fabianski,WHU,CRY,G,95.0,0.00,0.00,0.00,0.00,0.00,9.14,13.45,0.00,0.00,0.13,0.00,0.16,0.00,0.00,0.00,0.00,0.42,0.42,0.90,0.59,0.00,0.00,0.00,0.00
217,Vicente Guaita,CRY,WHU,G,95.0,0.00,0.00,0.00,0.00,0.01,12.97,18.16,0.00,0.00,0.52,0.00,0.00,0.00,0.00,0.00,0.00,1.16,0.15,1.84,2.65,0.00,0.00,0.00,0.00
218,Jose Sa,WOL,MUN,G,95.0,0.00,0.00,0.00,0.00,0.00,8.27,12.43,0.00,0.00,0.21,0.00,0.00,0.00,0.00,0.00,0.00,0.58,0.17,1.70,1.97,0.00,0.16,0.00,0.00
219,David de Gea,MUN,WOL,G,95.0,0.00,0.00,0.00,0.00,0.09,11.94,15.07,0.00,0.00,0.04,0.00,0.00,0.00,0.00,0.00,0.00,0.36,0.38,0.99,2.42,0.00,0.00,0.00,0.00
